{"ledger_version":10,"network_id":"7ac33997544e3175d266bd022439b22cdb16508c01163f26e5cb2a3e1045a979","overlay_min_version":5,"overlay_version":7,"peer_id":"GA6YSMP3DQHG6V3O2M6GDWVOA6OBTVTGUNSJ7UIFDITDW7YZEJVW2MZF","version_string":"v9.2.0-239-g9af27ef4-dirty","accepts_connections":false,"error":"peer rejected","address":"176.31.252.169:11625","quorum":{"inner_sets":[],"owner":"GA6YSMP3DQHG6V3O2M6GDWVOA6OBTVTGUNSJ7UIFDITDW7YZEJVW2MZF","threshold":7,"validators":["GDHV7FL7JP6LUEWWYUOA4C3QAFQ4LZ6OHFBWFIL6IFIS3AOBI2DHV62F","GAOO3LWBC4XF6VWRP5ESJ6IBHAISVJMSBTALHOQM2EZG7Q477UWA6L7U","GDRA72H7JWXAXWJKOONQOPH3JKNSH5MQ6BO5K74C3X6FO2G3OG464BPU","GAENPO2XRTTMAJXDWM3E3GAALNLG4HVMKJ4QF525TR25RI42YPEDULOW","GCJCSMSPIWKKPR7WEPIQG63PDF7JGGEENRC33OKVBSPUDIRL6ZZ5M7OO","GC5SXLNAM3C4NMGK2PXK4R34B5GNZ47FYQ24ZIBFDFOCU6D4KBN4POAE","GD7FVHL2KUTUYNOJFRUUDJPDRO2MAZJ5KP6EBCU6LKXHYGZDUFBNHXQI","GCGB2S2KGYARPVIA37HYZXVRM2YZUEXA6S33ZU5BUDC6THSB62LZSTYH","GCM6QMP3DLRPTAZW2UZPCPX2LF3SXWXKPMP3GKFZBDSF3QZGV2G5QSTK","GABMKJM6I25XI4K7U6XWMULOUQIQ27BCTMLS6BYYSOWKTBUXVRJSXHYQ"]},"account_info":null,"organization_name":"unknown","trust_table":{"GDHV7FL7JP6LUEWWYUOA4C3QAFQ4LZ6OHFBWFIL6IFIS3AOBI2DHV62F":0.14285714285714285,"GAOO3LWBC4XF6VWRP5ESJ6IBHAISVJMSBTALHOQM2EZG7Q477UWA6L7U":0.14285714285714285,"GDRA72H7JWXAXWJKOONQOPH3JKNSH5MQ6BO5K74C3X6FO2G3OG464BPU":0.14285714285714285,"GAENPO2XRTTMAJXDWM3E3GAALNLG4HVMKJ4QF525TR25RI42YPEDULOW":0.14285714285714285,"GCJCSMSPIWKKPR7WEPIQG63PDF7JGGEENRC33OKVBSPUDIRL6ZZ5M7OO":0.14285714285714285,"GC5SXLNAM3C4NMGK2PXK4R34B5GNZ47FYQ24ZIBFDFOCU6D4KBN4POAE":0.14285714285714285,"GD7FVHL2KUTUYNOJFRUUDJPDRO2MAZJ5KP6EBCU6LKXHYGZDUFBNHXQI":0.14285714285714285,"GCGB2S2KGYARPVIA37HYZXVRM2YZUEXA6S33ZU5BUDC6THSB62LZSTYH":0.14285714285714285,"GCM6QMP3DLRPTAZW2UZPCPX2LF3SXWXKPMP3GKFZBDSF3QZGV2G5QSTK":0.14285714285714285,"GABMKJM6I25XI4K7U6XWMULOUQIQ27BCTMLS6BYYSOWKTBUXVRJSXHYQ":0.14285714285714285},"trusting_nodes":[],"trust_value":0,"organization_id":"G1CHQDA23JG6TSL8LH4V7P461SCHJN1GMSOQ4E3P0RH4IHF7JC2DS","last_seen":1535486938475,"quorum_history":[],"accepts_connections_history":{"10m":[[1535486938475,"false"]],"1d":[{"time":1535403600000,"data":{"false":1}}],"1w":[{"time":1535403600000,"data":{"false":1}}],"1m":[{"time":1535403600000,"data":{"false":1}}]},"seen_history":{"10m":[[1535486938475,"true"]],"1d":[{"time":1535403600000,"data":{"true":1}}],"1w":[{"time":1535403600000,"data":{"true":1}}],"1m":[{"time":1535403600000,"data":{"true":1}}]},"peers":["54.170.69.25:11625","54.155.53.199:11625","54.155.148.45:11625","54.216.26.241:11625","169.51.72.53:11625","54.216.33.66:11625","54.78.129.115:11625","54.170.201.206:11625","72.22.162.62:11625","54.170.208.208:11625","54.170.113.19:11625","24.80.223.102:11625","54.170.9.217:11625","188.222.46.199:11625","54.195.51.223:11625","54.78.62.51:11625","54.217.177.94:11625","54.78.14.60:11625","54.155.236.27:11625","54.78.112.139:11625","71.198.134.82:11625","54.78.76.31:11625","54.74.82.18:11625","54.216.21.31:11625","54.195.42.220:11625","54.78.45.85:11625","54.155.28.165:11625","54.74.207.56:11625","54.74.81.101:11625","54.78.192.93:11625","54.74.98.79:11625","54.74.145.107:11625","174.129.182.191:11625","54.78.171.43:11625","176.34.195.117:11625","54.216.255.24:11625","35.239.16.180:11625","54.78.180.232:11625","54.216.151.23:11625","130.211.178.240:11625","54.217.151.206:11625","109.233.125.24:11625","35.227.123.254:11625","46.101.254.43:11625","54.155.38.21:11625","54.216.63.169:11625","54.78.30.136:11625","52.78.176.118:11625","54.216.151.179:11625","54.195.54.100:11625"],"communicating_validators":null}