{"ledger_version":9,"network_id":"7ac33997544e3175d266bd022439b22cdb16508c01163f26e5cb2a3e1045a979","overlay_min_version":5,"overlay_version":6,"peer_id":"GAEEH4TBR7YQQWKJ2FIT57HXZZTMK2BX5LY4POJUYFSEZ7Y2ONHPPTES","version_string":"stellar-core 9.2.0 (7561c1d53366ec79b908de533726269e08474f77)","accepts_connections":true,"error":null,"address":"159.122.134.146:11625","known_info":{"id":"it.ibm","name":"IBM Italy","host":"it.stellar.ibm.com","port":11625},"quorum":{"inner_sets":[{"inner_sets":[],"threshold":6,"validators":["GAENPO2XRTTMAJXDWM3E3GAALNLG4HVMKJ4QF525TR25RI42YPEDULOW","GDRA72H7JWXAXWJKOONQOPH3JKNSH5MQ6BO5K74C3X6FO2G3OG464BPU","GC5SXLNAM3C4NMGK2PXK4R34B5GNZ47FYQ24ZIBFDFOCU6D4KBN4POAE","GBJQUIXUO4XSNPAUT6ODLZUJRV2NPXYASKUBY4G5MYP3M47PCVI55MNT","GAK6Z5UVGUVSEK6PEOCAYJISTT5EJBB34PN3NOLEQG2SUKXRVV2F6HZY","GBB32UXWEXGZUE7H7LUVNNZRT3ZMZ3YH7SP3V5EFBILUVL3NCTSSK3IZ","GC5A5WKAPZU5ASNMLNCAMLW7CVHMLJJAKHSZZHE2KWGAJHZ4EW6TQ7PB","GAOO3LWBC4XF6VWRP5ESJ6IBHAISVJMSBTALHOQM2EZG7Q477UWA6L7U","GCJCSMSPIWKKPR7WEPIQG63PDF7JGGEENRC33OKVBSPUDIRL6ZZ5M7OO"]},{"inner_sets":[],"threshold":2,"validators":["GCGB2S2KGYARPVIA37HYZXVRM2YZUEXA6S33ZU5BUDC6THSB62LZSTYH","GCM6QMP3DLRPTAZW2UZPCPX2LF3SXWXKPMP3GKFZBDSF3QZGV2G5QSTK","GABMKJM6I25XI4K7U6XWMULOUQIQ27BCTMLS6BYYSOWKTBUXVRJSXHYQ"]}],"owner":"GAEEH4TBR7YQQWKJ2FIT57HXZZTMK2BX5LY4POJUYFSEZ7Y2ONHPPTES","threshold":2,"validators":[]},"account_info":null,"organization_name":"ibm.com","trust_table":{"GAENPO2XRTTMAJXDWM3E3GAALNLG4HVMKJ4QF525TR25RI42YPEDULOW":0.08333333333333333,"GDRA72H7JWXAXWJKOONQOPH3JKNSH5MQ6BO5K74C3X6FO2G3OG464BPU":0.08333333333333333,"GC5SXLNAM3C4NMGK2PXK4R34B5GNZ47FYQ24ZIBFDFOCU6D4KBN4POAE":0.08333333333333333,"GBJQUIXUO4XSNPAUT6ODLZUJRV2NPXYASKUBY4G5MYP3M47PCVI55MNT":0.08333333333333333,"GAK6Z5UVGUVSEK6PEOCAYJISTT5EJBB34PN3NOLEQG2SUKXRVV2F6HZY":0.08333333333333333,"GBB32UXWEXGZUE7H7LUVNNZRT3ZMZ3YH7SP3V5EFBILUVL3NCTSSK3IZ":0.08333333333333333,"GC5A5WKAPZU5ASNMLNCAMLW7CVHMLJJAKHSZZHE2KWGAJHZ4EW6TQ7PB":0.08333333333333333,"GAOO3LWBC4XF6VWRP5ESJ6IBHAISVJMSBTALHOQM2EZG7Q477UWA6L7U":0.08333333333333333,"GCJCSMSPIWKKPR7WEPIQG63PDF7JGGEENRC33OKVBSPUDIRL6ZZ5M7OO":0.08333333333333333,"GCGB2S2KGYARPVIA37HYZXVRM2YZUEXA6S33ZU5BUDC6THSB62LZSTYH":0.041666666666666664,"GCM6QMP3DLRPTAZW2UZPCPX2LF3SXWXKPMP3GKFZBDSF3QZGV2G5QSTK":0.041666666666666664,"GABMKJM6I25XI4K7U6XWMULOUQIQ27BCTMLS6BYYSOWKTBUXVRJSXHYQ":0.041666666666666664},"trusting_nodes":["GAK6Z5UVGUVSEK6PEOCAYJISTT5EJBB34PN3NOLEQG2SUKXRVV2F6HZY","GD7FVHL2KUTUYNOJFRUUDJPDRO2MAZJ5KP6EBCU6LKXHYGZDUFBNHXQI","GDRA72H7JWXAXWJKOONQOPH3JKNSH5MQ6BO5K74C3X6FO2G3OG464BPU","GCWRN4VKDQIES27TST5FHEKX23JZQZZDXZD4NVZSHIBGJBLOUTF64LMC","GDB5CSAUDVBYBFRBTUWDGANT7BK4NW7UEZWDEQGFS4EYAT6APTY3PWHT","GCUKUUGE43DB7NXWLBLNYYLXH7UF5JHGEEZEEU3VOHOCXMHMOV3CH6JF","GDJFYQK2VFVMQAOFSBM7RVE4I5HCUT7VNWOKSJKGI5JEODIH6F3EM6YX","GABTERL6TOBZXQUOPFF2L4OALH63RUNM42FFMTAYAI63UCNKPZAYYTJV"],"trust_value":0.09864087301587303,"organization_id":"GS3D3HILT34PTH859EL9F1E0BVJIBLHV639HTG3EMPR196M4E5ME","last_seen":1535486938475,"quorum_history":[],"accepts_connections_history":{"10m":[[1535486938475,"true"]],"1d":[{"time":1535403600000,"data":{"true":1}}],"1w":[{"time":1535403600000,"data":{"true":1}}],"1m":[{"time":1535403600000,"data":{"true":1}}]},"seen_history":{"10m":[[1535486938475,"true"]],"1d":[{"time":1535403600000,"data":{"true":1}}],"1w":[{"time":1535403600000,"data":{"true":1}}],"1m":[{"time":1535403600000,"data":{"true":1}}]},"peers":["169.38.100.14:11625","169.47.111.126:11625","130.198.69.152:11625","52.55.85.153:11625","35.198.71.4:11625","54.204.238.171:11625","35.200.84.224:11625","169.57.189.8:11625","35.198.82.173:11625","18.218.106.134:11625","54.221.140.73:11625","54.160.111.199:11625","13.59.229.241:11625","119.81.142.194:11625","45.55.22.18:11625","13.125.250.104:11625","59.33.102.60:11625","13.125.198.145:11625","54.216.29.224:11625","54.195.42.8:11625","54.78.57.147:11625","54.155.153.33:11625","54.74.53.96:11625","54.168.128.153:11625","54.170.201.206:11625","188.207.138.218:11625","35.198.117.185:11625","54.155.237.132:11625","52.78.66.72:11625","54.195.4.71:11625","39.60.202.237:11625","54.78.66.239:11625","35.188.184.134:11625","54.74.88.136:11625","54.74.167.153:11625","54.78.153.211:11625","54.195.12.106:11625","213.202.254.180:11625","34.229.96.149:11625","35.187.4.161:11625","35.234.76.84:11625","54.78.5.243:11625","54.216.215.53:11625","34.203.208.220:11625","54.216.178.117:11625","54.155.131.243:11625","54.216.205.164:11625","91.137.22.189:11625","54.155.8.12:11625","35.202.72.95:11625"],