{"ledger_version":10,"network_id":"7ac33997544e3175d266bd022439b22cdb16508c01163f26e5cb2a3e1045a979","overlay_min_version":6,"overlay_version":7,"peer_id":"GAX6YGFCR727UZK4CAVJGWR62FQ27L2K5C3EY2BMQDMRWAJH6BLVRQY6","version_string":"v9.2.0-260-gce5e5d10","accepts_connections":true,"error":null,"address":"103.241.61.179:11625","quorum":{"inner_sets":[{"inner_sets":[],"threshold":3,"validators":["GDIQKLQVOCD5UD6MUI5D5PTPVX7WTP5TAPP5OBMOLENBBD5KG434KYQ2","GAOO3LWBC4XF6VWRP5ESJ6IBHAISVJMSBTALHOQM2EZG7Q477UWA6L7U","GCJCSMSPIWKKPR7WEPIQG63PDF7JGGEENRC33OKVBSPUDIRL6ZZ5M7OO","GC5SXLNAM3C4NMGK2PXK4R34B5GNZ47FYQ24ZIBFDFOCU6D4KBN4POAE"]}],"owner":"GAX6YGFCR727UZK4CAVJGWR62FQ27L2K5C3EY2BMQDMRWAJH6BLVRQY6","threshold":3,"validators":["GCGB2S2KGYARPVIA37HYZXVRM2YZUEXA6S33ZU5BUDC6THSB62LZSTYH","GCM6QMP3DLRPTAZW2UZPCPX2LF3SXWXKPMP3GKFZBDSF3QZGV2G5QSTK","GABMKJM6I25XI4K7U6XWMULOUQIQ27BCTMLS6BYYSOWKTBUXVRJSXHYQ"]},"account_info":null,"organization_name":"unknown","trust_table":{"GCGB2S2KGYARPVIA37HYZXVRM2YZUEXA6S33ZU5BUDC6THSB62LZSTYH":0.3333333333333333,"GCM6QMP3DLRPTAZW2UZPCPX2LF3SXWXKPMP3GKFZBDSF3QZGV2G5QSTK":0.3333333333333333,"GABMKJM6I25XI4K7U6XWMULOUQIQ27BCTMLS6BYYSOWKTBUXVRJSXHYQ":0.3333333333333333,"GDIQKLQVOCD5UD6MUI5D5PTPVX7WTP5TAPP5OBMOLENBBD5KG434KYQ2":0.1111111111111111,"GAOO3LWBC4XF6VWRP5ESJ6IBHAISVJMSBTALHOQM2EZG7Q477UWA6L7U":0.1111111111111111,"GCJCSMSPIWKKPR7WEPIQG63PDF7JGGEENRC33OKVBSPUDIRL6ZZ5M7OO":0.1111111111111111,"GC5SXLNAM3C4NMGK2PXK4R34B5GNZ47FYQ24ZIBFDFOCU6D4KBN4POAE":0.1111111111111111},"trusting_nodes":[],"trust_value":0,"organization_id":"G1CHQDA23JG6TSL8LH4V7P461SCHJN1GMSOQ4E3P0RH4IHF7JC2DS","last_seen":1535486938475,"quorum_history":[],"accepts_connections_history":{"10m":[[1535486938475,"true"]],"1d":[{"time":1535403600000,"data":{"true":1}}],"1w":[{"time":1535403600000,"data":{"true":1}}],"1m":[{"time":1535403600000,"data":{"true":1}}]},"seen_history":{"10m":[[1535486938475,"true"]],"1d":[{"time":1535403600000,"data":{"true":1}}],"1w":[{"time":1535403600000,"data":{"true":1}}],"1m":[{"time":1535403600000,"data":{"true":1}}]},"peers":["61.100.182.189:11625","54.216.192.54:11625","116.226.243.50:11625","54.155.142.70:11625","54.155.47.72:11625","18.194.229.187:11625","206.189.100.235:11625","39.60.182.71:11625","54.216.226.220:11625","35.170.94.195:11625","217.241.35.109:11625","54.78.215.199:11625","54.170.230.80:11625","54.78.191.218:11625","222.131.232.220:11625","54.78.101.38:11625","91.116.168.124:11625","54.74.166.215:11625","54.155.150.203:11625","54.216.12.194:11625","23.242.45.13:11625","179.178.206.217:11625","54.74.3.46:11625","39.60.206.7:11625","133.130.103.21:11625","54.74.189.87:11625","59.33.106.78:11625","154.66.55.169:11625","14.20.128.117:11625","54.170.245.217:11625","104.198.127.152:11625","35.227.105.62:11625","139.199.94.27:11625","104.236.43.241:11625","54.78.169.62:11625","54.155.178.200:11625","34.228.4.217:11625","34.196.133.89:11625","176.34.200.229:11625","54.170.22.105:11625","54.74.96.153:11625","54.78.121.206:11625","52.40.196.88:11625","54.216.9.111:11625","84.227.5.187:11625","54.74.173.88:11625","54.74.86.75:11625","203.122.239.33:11625","54.74.91.177:11625","54.78.208.30:11625"],"communicating_validators":["GARBCBH4YSHUJLYEPKEPMVYZIJ3ZSQR3QCJ245CWGY64X72JLN4A6RSG","GB2HF2NHRKKFZYFDGD7MUENOYROOEK7SWYV2APYOODP6P7BUJTLILKIL","GCGLH5UABV5ORVNQQCYCUEU7TQ3AM4K32C75Y766JW2T4RMP6MRROU77","GDJFYQK2VFVMQAOFSBM7RVE4I5HCUT7VNWOKSJKGI5JEODIH6F3EM6YX","GDM4NQ7U4KNO6XR2ORKYDFO355P3QDCRUCLWI2HSWZNF7EHY5CWQLGG6","GDRA72H7JWXAXWJKOONQOPH3JKNSH5MQ6BO5K74C3X6FO2G3OG464BPU","GCKWUQGSVO45ZV3QK7POYL7HMFWDKWJVMFVEGUJKCAEVUITUCTQWFSM6","GCH3O5PTCZVR4G65W3B4XDKWI5V677HQB3QO7CW4YPVYDDFBE2GE7G6V","GBJ7T3BTLX2BP3T5Q4256PUF7JMDAB35LLO32QRDYE67TDDMN7H33GGE","GAK6Z5UVGUVSEK6PEOCAYJISTT5EJBB34PN3NOLEQG2SUKXRVV2F6HZY","GA6YSMP3DQHG6V3O2M6GDWVOA6OBTVTGUNSJ7UIFDITDW7YZEJVW2MZF","GCWRN4VKDQIES27TST5FHEKX23JZQZZDXZD4NVZSHIBGJBLOUTF64LMC","GCUKUUGE43DB7NXWLBLNYYLXH7UF5JHGEEZEEU3VOHOCXMHMOV3CH6JF","GDB5CSAUDVBYBFRBTUWDGANT7BK4NW7UEZWDEQGFS4EYAT6APTY3PWHT","GAOO3LWBC4XF6VWRP5ESJ6IBHAISVJMSBTALHOQM2EZG7Q477UWA6L7U","GBPGFP3XQYSXFZOEA7ZMBV5VEUUXHDBEQFX3GZ24XOHC6EE7DDESV7GW","GAENPO2XRTTMAJXDWM3E3GAALNLG4HVMKJ4QF525TR25RI42YPEDULOW","GBB32UXWEXGZUE7H7LUVNNZRT3ZMZ3YH7SP3V5EFBILUVL3NCTSSK3IZ","GC5SXLNAM3C4NMGK2PXK4R34B5GNZ47FYQ24ZIBFDFOCU6D4KBN4POAE","GBJQUIXUO4XSNPAUT6ODLZUJRV2NPXYASKUBY4G5MYP3M47PCVI55MNT","GBUJA3Z5TLAKLI5MEH4TETLXJBQVSVW74MNEKP5UUHTP3IMLNSUPOTVA","GDCAQY2Q5VMMI4ZOX35GTL7X43LMP3RA5W4VCP6V2BB6IFOO76GACXZU","GCGB2S2KGYARPVIA37HYZXVRM2YZUEXA6S33ZU5BUDC6THSB62LZSTYH","GDOQLNMARWIZWLEDKBYBOXP5LQYQQF24PS6NEQW4H766RLD4T7AUWQLB","GAEEH4TBR7YQQWKJ2FIT57HXZZTMK2BX5LY4POJUYFSEZ7Y2ONHPPTES","GAJTNLXWA4ATGHETQ3LPWAEHWXGMVVMJ3UBDBV2RKONPTBRNNV7BVWXM","GDHV7FL7JP6LUEWWYUOA4C3QAFQ4LZ6OHFBWFIL6IFIS3AOBI2DHV62F","GA7MREQ7673YDVANF4WBPN7LBQM4BSH4BQUFUTC4YLSSQCQUQTXRVBZN","GDIQKLQVOCD5UD6MUI5D5PTPVX7WTP5TAPP5OBMOLENBBD5KG434KYQ2","GBGDBLFKR3LORWOI65LVC7ES5OGZ4GHILEHCBVKPW2PMP2OL43F6B2JJ","GCBXBCIKCCVUIHAZ5QFWK6CKSX4AESOJ33IQNUE42BP7J66X23TM6WPF","GBATJAZRLNDUIJZEHM3EDRDOT5BUNQ5V3AGEYDOQLHSQXRLYLMK4LXCL","GCXEKMPY6TDNNI2VBWFOEA23V22OZW2INSCGTKNEHIHJDPG2C53PURBG","GCXLLNTA2KAIXGUE2FOGQPXJGEV72J2VTDXTDP3JBNEEG5Q5PQQZTL5N","GD7FVHL2KUTUYNOJFRUUDJPDRO2MAZJ5KP6EBCU6LKXHYGZDUFBNHXQI","GDN2BDOJUD2O2MEQO2MJP3WR7N4J3N3JKMEZVVRHAC6UU4Q3VXSDHKF6","GAFDDOP5LJMHKTN2XJFJHKVSIDM3F7G5WIKODBLQTRGSXQQ64GM2JDGV","GCJF27Z3WX4BYU3JAFP65KUSJMR7ILXJZNFOUI25NKHQ4IWALUU43BLV","GBEAS3JMSGGAEHIOHVPDHCXMBKAP54MJNN35QECBODT234SMZEXOSHS3","GCSIJMJD6MEBC37KYIZPAJKYA47XF2U442EL67LIAZJK7RJZNBKGSN7G","GAX6YGFCR727UZK4CAVJGWR62FQ27L2K5C3EY2BMQDMRWAJH6BLVRQY6","GDXQB3OMMQ6MGG43PWFBZWBFKBBDUZIVSUDAZZTRAWQZKES2CDSE5HKJ","GCFONE23AB7Y6C5YZOMKUKGETPIAJA4QOYLS5VNS4JHBGKRZCPYHDLW7","GBR7I4XGCWLSTKLPYY4IY4QUGW5LYFCMPZOF7OJBMBLLJH5FQVNHWCTD","GCJCSMSPIWKKPR7WEPIQG63PDF7JGGEENRC33OKVBSPUDIRL6ZZ5M7OO","GC5A5WKAPZU5ASNMLNCAMLW7CVHMLJJAKHSZZHE2KWGAJHZ4EW6TQ7PB","GA4UHKRQNTYNOI7TMP6ZK2I52UEIBBHAW3LVLBUTSKVRTGDEDTJVKLI3","GAMWPPFIO2ZRR2W2KF73U5M4ONURKLJFAQSE5K5RKQ3LD6FDHNI7SPDI","GBIMEPWAFPQHCODD4XHFDKZV4WK4U3J5RS2WY3FP3NWBMLLTC7W23KG7","GAE72U4C4MWPG6WAB2XW2EEHPQE3VMG7WRSET5FFDUAMBFR7P462QBC4","GCYRJSP52KIUOMXPW5XHOQ77SPQC3O55KVK6KSJO4ABPMG6X3ZOU5UU2","GB4DJ4KASHYSKVT4VF5L4LJLXYV2IOD6XFN7NVFJ5E5VJFQAFC2P3JJN","GCP2Q7W6JJ6IL7MJ6R3LHXA3DGU6XKPT7LUVIASZNSJXJTATABA6JYPM","GA5UB6D64SV4OLDNCHJJH7YZT2IGKVCPNJVMG5EX5FOIM7WFYRSJLV7B","GCX7S2QY2VXRFDDVVGKRVSMIVGQZQ4NEDYZ3WB7ZUYIVJKMQ4FVVHVR6","GC7MH45NSXXPBLQJRSEVF2DFUVLGGYOJER5FRUNVCYVMXJYJT5LLQJW5","GAG5HH3VF7WLUR3TRQSJGNX66GSEA5HKH3QPIYREDCT4JXUCD4U43JBJ","GCM6QMP3DLRPTAZW2UZPCPX2LF3SXWXKPMP3GKFZBDSF3QZGV2G5QSTK","GABMKJM6I25XI4K7U6XWMULOUQIQ27BCTMLS6BYYSOWKTBUXVRJSXHYQ","GABTERL6TOBZXQUOPFF2L4OALH63RUNM42FFMTAYAI63UCNKPZAYYTJV","GBXDZV4UOEP3QCIFI7ZCBLGQ53AHGJ2ZVYEFY4QIP4JNXURBUE4GSXMC","GCBAQCWXKIIOQOEDIW6EB7GY6UREHPTKK26NZFLVK63ZTRFSXDVX2AHV","GDAXAGWQNTOUIGTAJDYIL4QCM3Q6HM67SKEAJNSOW6G2Z3QPPKGAVJFW","GDEP5ASQQT4LKZLK6POEQKPTL7SXWQ66QW3WIRXFN4WXFL5JBG3K5GKQ","GDRE5ALF3HXKXZTLOJ5YLU3RMO7CJK73B2ODARXKP6BZBHIYMOWMKUCW","GCWJKM4EGTGJUVSWUJDPCQEOEP5LHSOFKSA4HALBTOO4T4H3HCHOM6UX","GAAZI4TCR3TY5OJHCTJC2A4QSY6CJWJH5IAJTGKIN2ER7LBNVKOCCWN7","GB7H5CNUNVCM6KGG6P2LAQE4YZP4D6CHFJRSSS34VNEPDDVIFAWRJ7ZA"]}