{"ledger_version":9,"network_id":"7ac33997544e3175d266bd022439b22cdb16508c01163f26e5cb2a3e1045a979","overlay_min_version":5,"overlay_version":6,"peer_id":"GB7H5CNUNVCM6KGG6P2LAQE4YZP4D6CHFJRSSS34VNEPDDVIFAWRJ7ZA","version_string":"stellar-core 9.2.0 (7561c1d53366ec79b908de533726269e08474f77)","accepts_connections":false,"error":"peer rejected","address":"35.226.55.135:11625","known_info":{"id":"us.mobius","name":"Mobius (United States)","host":"us.stellar.mobius.network","port":11625},"quorum":{"inner_sets":[],"owner":"GB7H5CNUNVCM6KGG6P2LAQE4YZP4D6CHFJRSSS34VNEPDDVIFAWRJ7ZA","threshold":6,"validators":["GCGB2S2KGYARPVIA37HYZXVRM2YZUEXA6S33ZU5BUDC6THSB62LZSTYH","GCM6QMP3DLRPTAZW2UZPCPX2LF3SXWXKPMP3GKFZBDSF3QZGV2G5QSTK","GABMKJM6I25XI4K7U6XWMULOUQIQ27BCTMLS6BYYSOWKTBUXVRJSXHYQ","GAOO3LWBC4XF6VWRP5ESJ6IBHAISVJMSBTALHOQM2EZG7Q477UWA6L7U","GCJCSMSPIWKKPR7WEPIQG63PDF7JGGEENRC33OKVBSPUDIRL6ZZ5M7OO","GC5SXLNAM3C4NMGK2PXK4R34B5GNZ47FYQ24ZIBFDFOCU6D4KBN4POAE","GB2HF2NHRKKFZYFDGD7MUENOYROOEK7SWYV2APYOODP6P7BUJTLILKIL","GD7FVHL2KUTUYNOJFRUUDJPDRO2MAZJ5KP6EBCU6LKXHYGZDUFBNHXQI"]},"account_info":null,"organization_name":"mobius.network","trust_table":{"GCGB2S2KGYARPVIA37HYZXVRM2YZUEXA6S33ZU5BUDC6THSB62LZSTYH":0.16666666666666666,"GCM6QMP3DLRPTAZW2UZPCPX2LF3SXWXKPMP3GKFZBDSF3QZGV2G5QSTK":0.16666666666666666,"GABMKJM6I25XI4K7U6XWMULOUQIQ27BCTMLS6BYYSOWKTBUXVRJSXHYQ":0.16666666666666666,"GAOO3LWBC4XF6VWRP5ESJ6IBHAISVJMSBTALHOQM2EZG7Q477UWA6L7U":0.16666666666666666,"GCJCSMSPIWKKPR7WEPIQG63PDF7JGGEENRC33OKVBSPUDIRL6ZZ5M7OO":0.16666666666666666,"GC5SXLNAM3C4NMGK2PXK4R34B5GNZ47FYQ24ZIBFDFOCU6D4KBN4POAE":0.16666666666666666,"GB2HF2NHRKKFZYFDGD7MUENOYROOEK7SWYV2APYOODP6P7BUJTLILKIL":0.16666666666666666,"GD7FVHL2KUTUYNOJFRUUDJPDRO2MAZJ5KP6EBCU6LKXHYGZDUFBNHXQI":0.16666666666666666},"trusting_nodes":["GC5A5WKAPZU5ASNMLNCAMLW7CVHMLJJAKHSZZHE2KWGAJHZ4EW6TQ7PB"],"trust_value":0.16666666666666666,"organization_id":"G1862CA3BGNM99P33AADL1Q61HOK9UNQI39LU27LLMN68IQVCSHBO","last_seen":1535486938475,"quorum_history":[],"accepts_connections_history":{"10m":[[1535486938475,"false"]],"1d":[{"time":1535403600000,"data":{"false":1}}],"1w":[{"time":1535403600000,"data":{"false":1}}],"1m":[{"time":1535403600000,"data":{"false":1}}]},"seen_history":{"10m":[[1535486938475,"true"]],"1d":[{"time":1535403600000,"data":{"true":1}}],"1w":[{"time":1535403600000,"data":{"true":1}}],"1m":[{"time":1535403600000,"data":{"true":1}}]},"peers":["67.169.184.134:11625","43.255.178.175:11625","54.78.64.113:11625","5.204.7.174:11625","54.170.246.203:11625","110.168.218.163:11625","39.106.191.69:11625","54.195.16.87:11625","146.0.36.36:11625","172.104.10.248:11625","50.156.117.158:11625","54.195.39.57:11625","154.118.97.221:11625","54.204.195.229:11625","122.116.45.111:11625","54.74.244.110:11625","39.50.27.187:11625","54.78.255.217:11625","54.217.134.131:11625","54.74.47.244:11625","158.85.74.136:11625","83.38.55.248:11625","35.196.3.153:11625","59.102.91.6:11625","54.159.195.137:11625","121.69.255.162:11625","75.171.177.118:11625","54.216.210.154:11625","54.78.153.211:11625","54.88.50.31:11625","36.102.227.162:11625","49.178.8.184:11625","18.217.85.231:11625","171.96.98.12:11625","130.198.69.150:11625","171.97.199.150:11625","54.217.141.145:11625","14.20.128.188:11625","154.66.18.175:11625","124.122.34.150:11625","14.207.16.56:11625","35.226.246.168:11625","94.197.120.149:11625","13.84.53.197:11625","199.247.6.250:11625","54.74.231.39:11625","61.149.11.13:11625","39.60.182.71:11625","54.217.179.10:11625","119.81.253.214:11625"],"communicating_validators":null}