{"ledger_version":9,"network_id":"7ac33997544e3175d266bd022439b22cdb16508c01163f26e5cb2a3e1045a979","overlay_min_version":5,"overlay_version":6,"peer_id":"GBJ7T3BTLX2BP3T5Q4256PUF7JMDAB35LLO32QRDYE67TDDMN7H33GGE","version_string":"stellar-core 9.2.0 (7561c1d53366ec79b908de533726269e08474f77)","accepts_connections":true,"error":null,"address":"119.81.142.194:11625","known_info":{"id":"hk.ibm","name":"IBM Hong Kong","host":"hk.stellar.ibm.com","port":11625},"quorum":{"inner_sets":[{"inner_sets":[],"threshold":6,"validators":["GC5SXLNAM3C4NMGK2PXK4R34B5GNZ47FYQ24ZIBFDFOCU6D4KBN4POAE","GBJQUIXUO4XSNPAUT6ODLZUJRV2NPXYASKUBY4G5MYP3M47PCVI55MNT","GAK6Z5UVGUVSEK6PEOCAYJISTT5EJBB34PN3NOLEQG2SUKXRVV2F6HZY","GA7MREQ7673YDVANF4WBPN7LBQM4BSH4BQUFUTC4YLSSQCQUQTXRVBZN","GDHV7FL7JP6LUEWWYUOA4C3QAFQ4LZ6OHFBWFIL6IFIS3AOBI2DHV62F","GBB32UXWEXGZUE7H7LUVNNZRT3ZMZ3YH7SP3V5EFBILUVL3NCTSSK3IZ","GC5A5WKAPZU5ASNMLNCAMLW7CVHMLJJAKHSZZHE2KWGAJHZ4EW6TQ7PB","GAOO3LWBC4XF6VWRP5ESJ6IBHAISVJMSBTALHOQM2EZG7Q477UWA6L7U","GCJCSMSPIWKKPR7WEPIQG63PDF7JGGEENRC33OKVBSPUDIRL6ZZ5M7OO"]},{"inner_sets":[],"threshold":2,"validators":["GCGB2S2KGYARPVIA37HYZXVRM2YZUEXA6S33ZU5BUDC6THSB62LZSTYH","GCM6QMP3DLRPTAZW2UZPCPX2LF3SXWXKPMP3GKFZBDSF3QZGV2G5QSTK","GABMKJM6I25XI4K7U6XWMULOUQIQ27BCTMLS6BYYSOWKTBUXVRJSXHYQ"]}],"owner":"GBJ7T3BTLX2BP3T5Q4256PUF7JMDAB35LLO32QRDYE67TDDMN7H33GGE","threshold":2,"validators":[]},"account_info":null,"organization_name":"ibm.com","trust_table":{"GC5SXLNAM3C4NMGK2PXK4R34B5GNZ47FYQ24ZIBFDFOCU6D4KBN4POAE":0.08333333333333333,"GBJQUIXUO4XSNPAUT6ODLZUJRV2NPXYASKUBY4G5MYP3M47PCVI55MNT":0.08333333333333333,"GAK6Z5UVGUVSEK6PEOCAYJISTT5EJBB34PN3NOLEQG2SUKXRVV2F6HZY":0.08333333333333333,"GA7MREQ7673YDVANF4WBPN7LBQM4BSH4BQUFUTC4YLSSQCQUQTXRVBZN":0.08333333333333333,"GDHV7FL7JP6LUEWWYUOA4C3QAFQ4LZ6OHFBWFIL6IFIS3AOBI2DHV62F":0.08333333333333333,"GBB32UXWEXGZUE7H7LUVNNZRT3ZMZ3YH7SP3V5EFBILUVL3NCTSSK3IZ":0.08333333333333333,"GC5A5WKAPZU5ASNMLNCAMLW7CVHMLJJAKHSZZHE2KWGAJHZ4EW6TQ7PB":0.08333333333333333,"GAOO3LWBC4XF6VWRP5ESJ6IBHAISVJMSBTALHOQM2EZG7Q477UWA6L7U":0.08333333333333333,"GCJCSMSPIWKKPR7WEPIQG63PDF7JGGEENRC33OKVBSPUDIRL6ZZ5M7OO":0.08333333333333333,"GCGB2S2KGYARPVIA37HYZXVRM2YZUEXA6S33ZU5BUDC6THSB62LZSTYH":0.041666666666666664,"GCM6QMP3DLRPTAZW2UZPCPX2LF3SXWXKPMP3GKFZBDSF3QZGV2G5QSTK":0.041666666666666664,"GABMKJM6I25XI4K7U6XWMULOUQIQ27BCTMLS6BYYSOWKTBUXVRJSXHYQ":0.041666666666666664},"trusting_nodes":["GAK6Z5UVGUVSEK6PEOCAYJISTT5EJBB34PN3NOLEQG2SUKXRVV2F6HZY","GD7FVHL2KUTUYNOJFRUUDJPDRO2MAZJ5KP6EBCU6LKXHYGZDUFBNHXQI","GCWRN4VKDQIES27TST5FHEKX23JZQZZDXZD4NVZSHIBGJBLOUTF64LMC","GDB5CSAUDVBYBFRBTUWDGANT7BK4NW7UEZWDEQGFS4EYAT6APTY3PWHT","GCUKUUGE43DB7NXWLBLNYYLXH7UF5JHGEEZEEU3VOHOCXMHMOV3CH6JF","GCGLH5UABV5ORVNQQCYCUEU7TQ3AM4K32C75Y766JW2T4RMP6MRROU77","GDJFYQK2VFVMQAOFSBM7RVE4I5HCUT7VNWOKSJKGI5JEODIH6F3EM6YX","GABTERL6TOBZXQUOPFF2L4OALH63RUNM42FFMTAYAI63UCNKPZAYYTJV"],"trust_value":0.18197420634920633,"organization_id":"GS3D3HILT34PTH859EL9F1E0BVJIBLHV639HTG3EMPR196M4E5ME","last_seen":1535486938475,"quorum_history":[],"accepts_connections_history":{"10m":[[1535486938475,"true"]],"1d":[{"time":1535403600000,"data":{"true":1}}],"1w":[{"time":1535403600000,"data":{"true":1}}],"1m":[{"time":1535403600000,"data":{"true":1}}]},"seen_history":{"10m":[[1535486938475,"true"]],"1d":[{"time":1535403600000,"data":{"true":1}}],"1w":[{"time":1535403600000,"data":{"true":1}}],"1m":[{"time":1535403600000,"data":{"true":1}}]},"peers":["169.57.189.8:11625","169.47.111.126:11625","45.55.22.18:11625","158.175.83.8:11625","54.204.238.171:11625","13.59.229.241:11625","169.55.165.179:11625","35.198.82.173:11625","159.122.134.146:11625","54.160.111.199:11625","54.221.140.73:11625","52.55.85.153:11625","130.198.69.152:11625","169.38.100.14:11625","18.218.106.134:11625","169.51.72.53:11625","35.200.84.224:11625","92.124.64.235:11625","43.255.178.170:11625","196.52.2.11:11625","54.170.78.231:11625","35.234.65.163:11625","120.149.42.144:11625","14.20.128.189:11625","158.85.74.136:11625","199.201.65.3:11625","54.155.155.231:11625","124.122.31.233:11625","142.254.7.34:11625","177.205.81.156:11625","54.183.231.168:11625","91.137.29.208:11625","124.205.129.5:11625","34.229.9.24:11625","35.154.249.178:11625","47.74.228.46:11625","94.254.161.15:11625","169.159.83.214:11625","54.78.242.37:11625","34.205.144.84:11625","14.20.131.171:11625","54.74.189.87:11625","54.74.86.75:11625","54.155.146.127:11625","91.137.22.37:11625","54.217.152.27:11625","54.195.49.63:11625","54.170.213.58:11625","159.89.110.169:11625","54.78.47.206:11625"],