{"ledger_version":9,"network_id":"7ac33997544e3175d266bd022439b22cdb16508c01163f26e5cb2a3e1045a979","overlay_min_version":5,"overlay_version":6,"peer_id":"GBXDZV4UOEP3QCIFI7ZCBLGQ53AHGJ2ZVYEFY4QIP4JNXURBUE4GSXMC","version_string":"stellar-core 9.2.0 (7561c1d53366ec79b908de533726269e08474f77)","accepts_connections":true,"error":null,"address":"138.201.249.169:11625","quorum":{"inner_sets":[],"owner":"GBXDZV4UOEP3QCIFI7ZCBLGQ53AHGJ2ZVYEFY4QIP4JNXURBUE4GSXMC","threshold":6,"validators":["GDIQKLQVOCD5UD6MUI5D5PTPVX7WTP5TAPP5OBMOLENBBD5KG434KYQ2","GAOO3LWBC4XF6VWRP5ESJ6IBHAISVJMSBTALHOQM2EZG7Q477UWA6L7U","GCJCSMSPIWKKPR7WEPIQG63PDF7JGGEENRC33OKVBSPUDIRL6ZZ5M7OO","GC5SXLNAM3C4NMGK2PXK4R34B5GNZ47FYQ24ZIBFDFOCU6D4KBN4POAE","GD7FVHL2KUTUYNOJFRUUDJPDRO2MAZJ5KP6EBCU6LKXHYGZDUFBNHXQI","GCGB2S2KGYARPVIA37HYZXVRM2YZUEXA6S33ZU5BUDC6THSB62LZSTYH","GCM6QMP3DLRPTAZW2UZPCPX2LF3SXWXKPMP3GKFZBDSF3QZGV2G5QSTK","GABMKJM6I25XI4K7U6XWMULOUQIQ27BCTMLS6BYYSOWKTBUXVRJSXHYQ"]},"account_info":null,"organization_name":"unknown","trust_table":{"GDIQKLQVOCD5UD6MUI5D5PTPVX7WTP5TAPP5OBMOLENBBD5KG434KYQ2":0.16666666666666666,"GAOO3LWBC4XF6VWRP5ESJ6IBHAISVJMSBTALHOQM2EZG7Q477UWA6L7U":0.16666666666666666,"GCJCSMSPIWKKPR7WEPIQG63PDF7JGGEENRC33OKVBSPUDIRL6ZZ5M7OO":0.16666666666666666,"GC5SXLNAM3C4NMGK2PXK4R34B5GNZ47FYQ24ZIBFDFOCU6D4KBN4POAE":0.16666666666666666,"GD7FVHL2KUTUYNOJFRUUDJPDRO2MAZJ5KP6EBCU6LKXHYGZDUFBNHXQI":0.16666666666666666,"GCGB2S2KGYARPVIA37HYZXVRM2YZUEXA6S33ZU5BUDC6THSB62LZSTYH":0.16666666666666666,"GCM6QMP3DLRPTAZW2UZPCPX2LF3SXWXKPMP3GKFZBDSF3QZGV2G5QSTK":0.16666666666666666,"GABMKJM6I25XI4K7U6XWMULOUQIQ27BCTMLS6BYYSOWKTBUXVRJSXHYQ":0.16666666666666666},"trusting_nodes":[],"trust_value":0,"organization_id":"G1CHQDA23JG6TSL8LH4V7P461SCHJN1GMSOQ4E3P0RH4IHF7JC2DS","last_seen":1535486938475,"quorum_history":[],"accepts_connections_history":{"10m":[[1535486938475,"true"]],"1d":[{"time":1535403600000,"data":{"true":1}}],"1w":[{"time":1535403600000,"data":{"true":1}}],"1m":[{"time":1535403600000,"data":{"true":1}}]},"seen_history":{"10m":[[1535486938475,"true"]],"1d":[{"time":1535403600000,"data":{"true":1}}],"1w":[{"time":1535403600000,"data":{"true":1}}],"1m":[{"time":1535403600000,"data":{"true":1}}]},"peers":["171.97.190.91:11625","54.78.201.28:11625","95.216.7.82:11625","54.162.240.55:11625","13.231.235.188:11625","59.33.106.122:11625","59.102.91.6:11625","54.190.193.102:11625","59.33.104.167:11625","54.74.41.234:11625","54.195.41.145:11625","119.81.142.196:11625","54.78.215.199:11625","54.78.141.121:11625","112.198.241.107:11625","123.119.228.253:11625","131.107.159.40:11625","54.170.208.208:11625","54.78.83.42:11625","35.231.6.128:11625","35.202.72.95:11625","54.155.145.171:11625","176.34.162.222:11625","54.170.4.133:11625","81.159.234.11:11625","54.78.101.112:11625","176.34.193.218:11625","80.158.18.222:11625","54.216.9.111:11625","54.74.166.215:11625","222.131.232.220:11625","54.74.79.73:11625","176.34.162.78:11625","35.226.246.168:11625","54.221.138.182:11625","124.205.129.5:11625","46.101.158.32:11625","54.74.20.249:11625","35.185.146.46:11625","54.216.155.75:11625","59.33.107.16:11625","35.192.214.155:11625","212.78.198.42:11625","186.204.103.174:11625","34.207.200.40:11625","103.82.80.198:11625","35.225.13.67:11625","54.74.68.248:11625","195.159.237.38:11625","54.155.253.31:11625"],"communicating_validators":["GDRA72H7JWXAXWJKOONQOPH3JKNSH5MQ6BO5K74C3X6FO2G3OG464BPU","GAOO3LWBC4XF6VWRP5ESJ6IBHAISVJMSBTALHOQM2EZG7Q477UWA6L7U","GBPGFP3XQYSXFZOEA7ZMBV5VEUUXHDBEQFX3GZ24XOHC6EE7DDESV7GW","GCJF27Z3WX4BYU3JAFP65KUSJMR7ILXJZNFOUI25NKHQ4IWALUU43BLV","GDN2BDOJUD2O2MEQO2MJP3WR7N4J3N3JKMEZVVRHAC6UU4Q3VXSDHKF6","GAFDDOP5LJMHKTN2XJFJHKVSIDM3F7G5WIKODBLQTRGSXQQ64GM2JDGV","GBEAS3JMSGGAEHIOHVPDHCXMBKAP54MJNN35QECBODT234SMZEXOSHS3","GCFONE23AB7Y6C5YZOMKUKGETPIAJA4QOYLS5VNS4JHBGKRZCPYHDLW7","GAX6YGFCR727UZK4CAVJGWR62FQ27L2K5C3EY2BMQDMRWAJH6BLVRQY6","GDXQB3OMMQ6MGG43PWFBZWBFKBBDUZIVSUDAZZTRAWQZKES2CDSE5HKJ","GCSIJMJD6MEBC37KYIZPAJKYA47XF2U442EL67LIAZJK7RJZNBKGSN7G","GDIQKLQVOCD5UD6MUI5D5PTPVX7WTP5TAPP5OBMOLENBBD5KG434KYQ2","GCBXBCIKCCVUIHAZ5QFWK6CKSX4AESOJ33IQNUE42BP7J66X23TM6WPF","GBGDBLFKR3LORWOI65LVC7ES5OGZ4GHILEHCBVKPW2PMP2OL43F6B2JJ","GDHV7FL7JP6LUEWWYUOA4C3QAFQ4LZ6OHFBWFIL6IFIS3AOBI2DHV62F","GA7MREQ7673YDVANF4WBPN7LBQM4BSH4BQUFUTC4YLSSQCQUQTXRVBZN","GBJQUIXUO4XSNPAUT6ODLZUJRV2NPXYASKUBY4G5MYP3M47PCVI55MNT","GC5SXLNAM3C4NMGK2PXK4R34B5GNZ47FYQ24ZIBFDFOCU6D4KBN4POAE","GBUJA3Z5TLAKLI5MEH4TETLXJBQVSVW74MNEKP5UUHTP3IMLNSUPOTVA","GCWRN4VKDQIES27TST5FHEKX23JZQZZDXZD4NVZSHIBGJBLOUTF64LMC","GDB5CSAUDVBYBFRBTUWDGANT7BK4NW7UEZWDEQGFS4EYAT6APTY3PWHT","GCUKUUGE43DB7NXWLBLNYYLXH7UF5JHGEEZEEU3VOHOCXMHMOV3CH6JF","GC5A5WKAPZU5ASNMLNCAMLW7CVHMLJJAKHSZZHE2KWGAJHZ4EW6TQ7PB","GAG5HH3VF7WLUR3TRQSJGNX66GSEA5HKH3QPIYREDCT4JXUCD4U43JBJ","GBR7I4XGCWLSTKLPYY4IY4QUGW5LYFCMPZOF7OJBMBLLJH5FQVNHWCTD","GCGB2S2KGYARPVIA37HYZXVRM2YZUEXA6S33ZU5BUDC6THSB62LZSTYH","GAEEH4TBR7YQQWKJ2FIT57HXZZTMK2BX5LY4POJUYFSEZ7Y2ONHPPTES","GAJTNLXWA4ATGHETQ3LPWAEHWXGMVVMJ3UBDBV2RKONPTBRNNV7BVWXM","GDM4NQ7U4KNO6XR2ORKYDFO355P3QDCRUCLWI2HSWZNF7EHY5CWQLGG6","GA4UHKRQNTYNOI7TMP6ZK2I52UEIBBHAW3LVLBUTSKVRTGDEDTJVKLI3","GABMKJM6I25XI4K7U6XWMULOUQIQ27BCTMLS6BYYSOWKTBUXVRJSXHYQ","GCM6QMP3DLRPTAZW2UZPCPX2LF3SXWXKPMP3GKFZBDSF3QZGV2G5QSTK","GBATJAZRLNDUIJZEHM3EDRDOT5BUNQ5V3AGEYDOQLHSQXRLYLMK4LXCL","GDRE5ALF3HXKXZTLOJ5YLU3RMO7CJK73B2ODARXKP6BZBHIYMOWMKUCW","GBXDZV4UOEP3QCIFI7ZCBLGQ53AHGJ2ZVYEFY4QIP4JNXURBUE4GSXMC","GAAZI4TCR3TY5OJHCTJC2A4QSY6CJWJH5IAJTGKIN2ER7LBNVKOCCWN7","GDEP5ASQQT4LKZLK6POEQKPTL7SXWQ66QW3WIRXFN4WXFL5JBG3K5GKQ","GCWJKM4EGTGJUVSWUJDPCQEOEP5LHSOFKSA4HALBTOO4T4H3HCHOM6UX","GDAXAGWQNTOUIGTAJDYIL4QCM3Q6HM67SKEAJNSOW6G2Z3QPPKGAVJFW","GCBAQCWXKIIOQOEDIW6EB7GY6UREHPTKK26NZFLVK63ZTRFSXDVX2AHV","GBIMEPWAFPQHCODD4XHFDKZV4WK4U3J5RS2WY3FP3NWBMLLTC7W23KG7","GAE72U4C4MWPG6WAB2XW2EEHPQE3VMG7WRSET5FFDUAMBFR7P462QBC4","GCP2Q7W6JJ6IL7MJ6R3LHXA3DGU6XKPT7LUVIASZNSJXJTATABA6JYPM","GA5UB6D64SV4OLDNCHJJH7YZT2IGKVCPNJVMG5EX5FOIM7WFYRSJLV7B","GCYRJSP52KIUOMXPW5XHOQ77SPQC3O55KVK6KSJO4ABPMG6X3ZOU5UU2","GB4DJ4KASHYSKVT4VF5L4LJLXYV2IOD6XFN7NVFJ5E5VJFQAFC2P3JJN","GCX7S2QY2VXRFDDVVGKRVSMIVGQZQ4NEDYZ3WB7ZUYIVJKMQ4FVVHVR6","GAMWPPFIO2ZRR2W2KF73U5M4ONURKLJFAQSE5K5RKQ3LD6FDHNI7SPDI","GC7MH45NSXXPBLQJRSEVF2DFUVLGGYOJER5FRUNVCYVMXJYJT5LLQJW5","GBB32UXWEXGZUE7H7LUVNNZRT3ZMZ3YH7SP3V5EFBILUVL3NCTSSK3IZ","GCGLH5UABV5ORVNQQCYCUEU7TQ3AM4K32C75Y766JW2T4RMP6MRROU77","GCH3O5PTCZVR4G65W3B4XDKWI5V677HQB3QO7CW4YPVYDDFBE2GE7G6V","GBJ7T3BTLX2BP3T5Q4256PUF7JMDAB35LLO32QRDYE67TDDMN7H33GGE","GCKWUQGSVO45ZV3QK7POYL7HMFWDKWJVMFVEGUJKCAEVUITUCTQWFSM6","GCJCSMSPIWKKPR7WEPIQG63PDF7JGGEENRC33OKVBSPUDIRL6ZZ5M7OO","GCXEKMPY6TDNNI2VBWFOEA23V22OZW2INSCGTKNEHIHJDPG2C53PURBG","GCXLLNTA2KAIXGUE2FOGQPXJGEV72J2VTDXTDP3JBNEEG5Q5PQQZTL5N","GD7FVHL2KUTUYNOJFRUUDJPDRO2MAZJ5KP6EBCU6LKXHYGZDUFBNHXQI","GAK6Z5UVGUVSEK6PEOCAYJISTT5EJBB34PN3NOLEQG2SUKXRVV2F6HZY","GB7H5CNUNVCM6KGG6P2LAQE4YZP4D6CHFJRSSS34VNEPDDVIFAWRJ7ZA","GDCAQY2Q5VMMI4ZOX35GTL7X43LMP3RA5W4VCP6V2BB6IFOO76GACXZU","GDJFYQK2VFVMQAOFSBM7RVE4I5HCUT7VNWOKSJKGI5JEODIH6F3EM6YX","GABTERL6TOBZXQUOPFF2L4OALH63RUNM42FFMTAYAI63UCNKPZAYYTJV","GAENPO2XRTTMAJXDWM3E3GAALNLG4HVMKJ4QF525TR25RI42YPEDULOW","GB2HF2NHRKKFZYFDGD7MUENOYROOEK7SWYV2APYOODP6P7BUJTLILKIL","GARBCBH4YSHUJLYEPKEPMVYZIJ3ZSQR3QCJ245CWGY64X72JLN4A6RSG","GA6YSMP3DQHG6V3O2M6GDWVOA6OBTVTGUNSJ7UIFDITDW7YZEJVW2MZF","GDOQLNMARWIZWLEDKBYBOXP5LQYQQF24PS6NEQW4H766RLD4T7AUWQLB"]}