{"ledger_version":9,"network_id":"7ac33997544e3175d266bd022439b22cdb16508c01163f26e5cb2a3e1045a979","overlay_min_version":5,"overlay_version":6,"peer_id":"GCBAQCWXKIIOQOEDIW6EB7GY6UREHPTKK26NZFLVK63ZTRFSXDVX2AHV","version_string":"stellar-core 9.2.0 (7561c1d53366ec79b908de533726269e08474f77)","accepts_connections":false,"error":"peer rejected","address":"34.196.133.89:11625","known_info":{"id":"smartlands","name":"Smartlands Platform","host":"stellar.smartlands.io","port":11625},"quorum":{"inner_sets":[],"owner":"GCBAQCWXKIIOQOEDIW6EB7GY6UREHPTKK26NZFLVK63ZTRFSXDVX2AHV","threshold":6,"validators":["GDIQKLQVOCD5UD6MUI5D5PTPVX7WTP5TAPP5OBMOLENBBD5KG434KYQ2","GAOO3LWBC4XF6VWRP5ESJ6IBHAISVJMSBTALHOQM2EZG7Q477UWA6L7U","GCJCSMSPIWKKPR7WEPIQG63PDF7JGGEENRC33OKVBSPUDIRL6ZZ5M7OO","GC5SXLNAM3C4NMGK2PXK4R34B5GNZ47FYQ24ZIBFDFOCU6D4KBN4POAE","GD7FVHL2KUTUYNOJFRUUDJPDRO2MAZJ5KP6EBCU6LKXHYGZDUFBNHXQI","GCGB2S2KGYARPVIA37HYZXVRM2YZUEXA6S33ZU5BUDC6THSB62LZSTYH","GCM6QMP3DLRPTAZW2UZPCPX2LF3SXWXKPMP3GKFZBDSF3QZGV2G5QSTK","GABMKJM6I25XI4K7U6XWMULOUQIQ27BCTMLS6BYYSOWKTBUXVRJSXHYQ"]},"account_info":null,"organization_name":"smartlands.io","trust_table":{"GDIQKLQVOCD5UD6MUI5D5PTPVX7WTP5TAPP5OBMOLENBBD5KG434KYQ2":0.16666666666666666,"GAOO3LWBC4XF6VWRP5ESJ6IBHAISVJMSBTALHOQM2EZG7Q477UWA6L7U":0.16666666666666666,"GCJCSMSPIWKKPR7WEPIQG63PDF7JGGEENRC33OKVBSPUDIRL6ZZ5M7OO":0.16666666666666666,"GC5SXLNAM3C4NMGK2PXK4R34B5GNZ47FYQ24ZIBFDFOCU6D4KBN4POAE":0.16666666666666666,"GD7FVHL2KUTUYNOJFRUUDJPDRO2MAZJ5KP6EBCU6LKXHYGZDUFBNHXQI":0.16666666666666666,"GCGB2S2KGYARPVIA37HYZXVRM2YZUEXA6S33ZU5BUDC6THSB62LZSTYH":0.16666666666666666,"GCM6QMP3DLRPTAZW2UZPCPX2LF3SXWXKPMP3GKFZBDSF3QZGV2G5QSTK":0.16666666666666666,"GABMKJM6I25XI4K7U6XWMULOUQIQ27BCTMLS6BYYSOWKTBUXVRJSXHYQ":0.16666666666666666},"trusting_nodes":[],"trust_value":0,"organization_id":"G1OGRBKTV86JH947ELRJTH5M81DH8JL8CVQGFKABPOI1LHBEDR90E","last_seen":1535486938475,"quorum_history":[],"accepts_connections_history":{"10m":[[1535486938475,"false"]],"1d":[{"time":1535403600000,"data":{"false":1}}],"1w":[{"time":1535403600000,"data":{"false":1}}],"1m":[{"time":1535403600000,"data":{"false":1}}]},"seen_history":{"10m":[[1535486938475,"true"]],"1d":[{"time":1535403600000,"data":{"true":1}}],"1w":[{"time":1535403600000,"data":{"true":1}}],"1m":[{"time":1535403600000,"data":{"true":1}}]},"peers":["61.135.194.96:11625","54.78.145.128:11625","160.152.11.206:11625","54.155.145.17:11625","60.191.18.2:11625","54.74.85.135:11625","35.237.135.224:11625","39.110.207.187:11625","54.170.64.72:11625","203.122.239.33:11625","124.122.31.88:11625","54.78.193.54:11625","59.33.109.221:11625","111.161.7.229:11625","83.38.55.248:11625","54.217.156.192:11625","73.242.38.7:11625","35.225.178.122:11625","54.216.155.75:11625","54.195.49.63:11625","216.71.202.221:11625","80.158.18.222:11625","39.60.175.187:11625","43.255.178.210:11625","54.216.15.115:11625","54.217.177.37:11625","45.76.213.217:11625","59.33.100.193:11625","54.78.30.136:11625","35.234.65.163:11625","54.195.36.89:11625","40.125.171.9:11625","52.187.13.117:11625","54.216.226.13:11625","52.14.231.36:11625","125.39.145.15:11625","176.31.252.169:11625","18.219.81.190:11625","35.200.84.224:11625","201.47.182.255:11625","103.212.181.9:11625","154.118.86.181:11625","54.216.56.26:11625","52.220.170.12:11625","143.248.226.56:11625","54.78.255.183:11625","54.170.27.117:11625","176.92.4.124:11625","160.152.42.135:11625","37.232.111.41:11625"],"communicating_validators":null}