{"peer_id":"GCGLH5UABV5ORVNQQCYCUEU7TQ3AM4K32C75Y766JW2T4RMP6MRROU77","quorum":{"inner_sets":[],"owner":"GCGLH5UABV5ORVNQQCYCUEU7TQ3AM4K32C75Y766JW2T4RMP6MRROU77","threshold":6,"validators":["GCKWUQGSVO45ZV3QK7POYL7HMFWDKWJVMFVEGUJKCAEVUITUCTQWFSM6","GCXEKMPY6TDNNI2VBWFOEA23V22OZW2INSCGTKNEHIHJDPG2C53PURBG","GBB32UXWEXGZUE7H7LUVNNZRT3ZMZ3YH7SP3V5EFBILUVL3NCTSSK3IZ","GBGDBLFKR3LORWOI65LVC7ES5OGZ4GHILEHCBVKPW2PMP2OL43F6B2JJ","GBUJA3Z5TLAKLI5MEH4TETLXJBQVSVW74MNEKP5UUHTP3IMLNSUPOTVA","GBJ7T3BTLX2BP3T5Q4256PUF7JMDAB35LLO32QRDYE67TDDMN7H33GGE","GAK6Z5UVGUVSEK6PEOCAYJISTT5EJBB34PN3NOLEQG2SUKXRVV2F6HZY","GB2HF2NHRKKFZYFDGD7MUENOYROOEK7SWYV2APYOODP6P7BUJTLILKIL"]},"account_info":null,"organization_name":"unknown","trust_table":{"GCKWUQGSVO45ZV3QK7POYL7HMFWDKWJVMFVEGUJKCAEVUITUCTQWFSM6":0.16666666666666666,"GCXEKMPY6TDNNI2VBWFOEA23V22OZW2INSCGTKNEHIHJDPG2C53PURBG":0.16666666666666666,"GBB32UXWEXGZUE7H7LUVNNZRT3ZMZ3YH7SP3V5EFBILUVL3NCTSSK3IZ":0.16666666666666666,"GBGDBLFKR3LORWOI65LVC7ES5OGZ4GHILEHCBVKPW2PMP2OL43F6B2JJ":0.16666666666666666,"GBUJA3Z5TLAKLI5MEH4TETLXJBQVSVW74MNEKP5UUHTP3IMLNSUPOTVA":0.16666666666666666,"GBJ7T3BTLX2BP3T5Q4256PUF7JMDAB35LLO32QRDYE67TDDMN7H33GGE":0.16666666666666666,"GAK6Z5UVGUVSEK6PEOCAYJISTT5EJBB34PN3NOLEQG2SUKXRVV2F6HZY":0.16666666666666666,"GB2HF2NHRKKFZYFDGD7MUENOYROOEK7SWYV2APYOODP6P7BUJTLILKIL":0.16666666666666666},"trusting_nodes":[],"trust_value":0,"organization_id":"G1CHQDA23JG6TSL8LH4V7P461SCHJN1GMSOQ4E3P0RH4IHF7JC2DS","last_seen":1535486938475,"quorum_history":[],"accepts_connections_history":{"10m":[[1535486938475,""]],"1d":[{"time":1535403600000,"data":{"":1}}],"1w":[{"time":1535403600000,"data":{"":1}}],"1m":[{"time":1535403600000,"data":{"":1}}]},"seen_history":{"10m":[[1535486938475,"true"]],"1d":[{"time":1535403600000,"data":{"true":1}}],"1w":[{"time":1535403600000,"data":{"true":1}}],"1m":[{"time":1535403600000,"data":{"true":1}}]},"peers":null,"communicating_validators":null}