{"ledger_version":9,"network_id":"7ac33997544e3175d266bd022439b22cdb16508c01163f26e5cb2a3e1045a979","overlay_min_version":5,"overlay_version":6,"peer_id":"GCH3O5PTCZVR4G65W3B4XDKWI5V677HQB3QO7CW4YPVYDDFBE2GE7G6V","version_string":"stellar-core 9.2.0 (7561c1d53366ec79b908de533726269e08474f77)","accepts_connections":true,"error":null,"address":"169.38.100.14:11625","known_info":{"id":"in.ibm","name":"IBM India","host":"in.stellar.ibm.com","port":11625},"quorum":{"inner_sets":[{"inner_sets":[],"threshold":6,"validators":["GC5SXLNAM3C4NMGK2PXK4R34B5GNZ47FYQ24ZIBFDFOCU6D4KBN4POAE","GBJQUIXUO4XSNPAUT6ODLZUJRV2NPXYASKUBY4G5MYP3M47PCVI55MNT","GAK6Z5UVGUVSEK6PEOCAYJISTT5EJBB34PN3NOLEQG2SUKXRVV2F6HZY","GA7MREQ7673YDVANF4WBPN7LBQM4BSH4BQUFUTC4YLSSQCQUQTXRVBZN","GDHV7FL7JP6LUEWWYUOA4C3QAFQ4LZ6OHFBWFIL6IFIS3AOBI2DHV62F","GBB32UXWEXGZUE7H7LUVNNZRT3ZMZ3YH7SP3V5EFBILUVL3NCTSSK3IZ","GC5A5WKAPZU5ASNMLNCAMLW7CVHMLJJAKHSZZHE2KWGAJHZ4EW6TQ7PB","GAOO3LWBC4XF6VWRP5ESJ6IBHAISVJMSBTALHOQM2EZG7Q477UWA6L7U","GCJCSMSPIWKKPR7WEPIQG63PDF7JGGEENRC33OKVBSPUDIRL6ZZ5M7OO"]},{"inner_sets":[],"threshold":2,"validators":["GCGB2S2KGYARPVIA37HYZXVRM2YZUEXA6S33ZU5BUDC6THSB62LZSTYH","GCM6QMP3DLRPTAZW2UZPCPX2LF3SXWXKPMP3GKFZBDSF3QZGV2G5QSTK","GABMKJM6I25XI4K7U6XWMULOUQIQ27BCTMLS6BYYSOWKTBUXVRJSXHYQ"]}],"owner":"GCH3O5PTCZVR4G65W3B4XDKWI5V677HQB3QO7CW4YPVYDDFBE2GE7G6V","threshold":2,"validators":[]},"account_info":null,"organization_name":"ibm.com","trust_table":{"GC5SXLNAM3C4NMGK2PXK4R34B5GNZ47FYQ24ZIBFDFOCU6D4KBN4POAE":0.08333333333333333,"GBJQUIXUO4XSNPAUT6ODLZUJRV2NPXYASKUBY4G5MYP3M47PCVI55MNT":0.08333333333333333,"GAK6Z5UVGUVSEK6PEOCAYJISTT5EJBB34PN3NOLEQG2SUKXRVV2F6HZY":0.08333333333333333,"GA7MREQ7673YDVANF4WBPN7LBQM4BSH4BQUFUTC4YLSSQCQUQTXRVBZN":0.08333333333333333,"GDHV7FL7JP6LUEWWYUOA4C3QAFQ4LZ6OHFBWFIL6IFIS3AOBI2DHV62F":0.08333333333333333,"GBB32UXWEXGZUE7H7LUVNNZRT3ZMZ3YH7SP3V5EFBILUVL3NCTSSK3IZ":0.08333333333333333,"GC5A5WKAPZU5ASNMLNCAMLW7CVHMLJJAKHSZZHE2KWGAJHZ4EW6TQ7PB":0.08333333333333333,"GAOO3LWBC4XF6VWRP5ESJ6IBHAISVJMSBTALHOQM2EZG7Q477UWA6L7U":0.08333333333333333,"GCJCSMSPIWKKPR7WEPIQG63PDF7JGGEENRC33OKVBSPUDIRL6ZZ5M7OO":0.08333333333333333,"GCGB2S2KGYARPVIA37HYZXVRM2YZUEXA6S33ZU5BUDC6THSB62LZSTYH":0.041666666666666664,"GCM6QMP3DLRPTAZW2UZPCPX2LF3SXWXKPMP3GKFZBDSF3QZGV2G5QSTK":0.041666666666666664,"GABMKJM6I25XI4K7U6XWMULOUQIQ27BCTMLS6BYYSOWKTBUXVRJSXHYQ":0.041666666666666664},"trusting_nodes":["GAK6Z5UVGUVSEK6PEOCAYJISTT5EJBB34PN3NOLEQG2SUKXRVV2F6HZY","GD7FVHL2KUTUYNOJFRUUDJPDRO2MAZJ5KP6EBCU6LKXHYGZDUFBNHXQI","GCXEKMPY6TDNNI2VBWFOEA23V22OZW2INSCGTKNEHIHJDPG2C53PURBG","GCWRN4VKDQIES27TST5FHEKX23JZQZZDXZD4NVZSHIBGJBLOUTF64LMC","GDB5CSAUDVBYBFRBTUWDGANT7BK4NW7UEZWDEQGFS4EYAT6APTY3PWHT","GCUKUUGE43DB7NXWLBLNYYLXH7UF5JHGEEZEEU3VOHOCXMHMOV3CH6JF","GDJFYQK2VFVMQAOFSBM7RVE4I5HCUT7VNWOKSJKGI5JEODIH6F3EM6YX","GABTERL6TOBZXQUOPFF2L4OALH63RUNM42FFMTAYAI63UCNKPZAYYTJV"],"trust_value":0.09864087301587303,"organization_id":"GS3D3HILT34PTH859EL9F1E0BVJIBLHV639HTG3EMPR196M4E5ME","last_seen":1535486938475,"quorum_history":[],"accepts_connections_history":{"10m":[[1535486938475,"true"]],"1d":[{"time":1535403600000,"data":{"true":1}}],"1w":[{"time":1535403600000,"data":{"true":1}}],"1m":[{"time":1535403600000,"data":{"true":1}}]},"seen_history":{"10m":[[1535486938475,"true"]],"1d":[{"time":1535403600000,"data":{"true":1}}],"1w":[{"time":1535403600000,"data":{"true":1}}],"1m":[{"time":1535403600000,"data":{"true":1}}]},"peers":["35.200.84.224:11625","119.81.142.194:11625","35.198.64.87:11625","169.47.111.126:11625","35.198.82.173:11625","169.55.165.179:11625","52.55.85.153:11625","45.55.22.18:11625","54.204.238.171:11625","130.198.69.152:11625","18.218.106.134:11625","54.160.111.199:11625","169.51.72.53:11625","13.59.229.241:11625","159.122.134.146:11625","158.175.83.8:11625","54.221.140.73:11625","54.155.23.139:11625","54.78.151.43:11625","88.99.150.7:11625","54.217.155.109:11625","143.248.231.90:11625","54.74.15.184:11625","54.195.29.38:11625","54.195.44.176:11625","18.233.83.171:11625","54.74.93.118:11625","52.40.196.88:11625","35.202.72.95:11625","104.129.28.42:11625","54.74.21.83:11625","176.34.205.54:11625","54.78.162.78:11625","211.170.216.82:11625","54.155.135.158:11625","54.216.177.66:11625","35.232.4.15:11625","54.217.146.188:11625","54.217.172.22:11625","54.74.115.6:11625","183.51.120.39:11625","54.195.12.233:11625","54.74.243.240:11625","54.195.41.145:11625","54.74.45.245:11625","54.74.241.238:11625","35.192.85.2:11625","35.188.1.99:11625","54.216.184.14:11625","52.187.13.117:11625"],"communicating_validators":[]}