{"peer_id":"GDM4NQ7U4KNO6XR2ORKYDFO355P3QDCRUCLWI2HSWZNF7EHY5CWQLGG6","quorum":{"inner_sets":[],"owner":"GDM4NQ7U4KNO6XR2ORKYDFO355P3QDCRUCLWI2HSWZNF7EHY5CWQLGG6","threshold":7,"validators":["GDIQKLQVOCD5UD6MUI5D5PTPVX7WTP5TAPP5OBMOLENBBD5KG434KYQ2","GAOO3LWBC4XF6VWRP5ESJ6IBHAISVJMSBTALHOQM2EZG7Q477UWA6L7U","GCJCSMSPIWKKPR7WEPIQG63PDF7JGGEENRC33OKVBSPUDIRL6ZZ5M7OO","GC5SXLNAM3C4NMGK2PXK4R34B5GNZ47FYQ24ZIBFDFOCU6D4KBN4POAE","GD7FVHL2KUTUYNOJFRUUDJPDRO2MAZJ5KP6EBCU6LKXHYGZDUFBNHXQI","GBXOCSLVX5FNXOSIFPK6OCJR3BFYV7EF6ZWZE62E53AY322QWS2DEBBY","GCGB2S2KGYARPVIA37HYZXVRM2YZUEXA6S33ZU5BUDC6THSB62LZSTYH","GCM6QMP3DLRPTAZW2UZPCPX2LF3SXWXKPMP3GKFZBDSF3QZGV2G5QSTK","GABMKJM6I25XI4K7U6XWMULOUQIQ27BCTMLS6BYYSOWKTBUXVRJSXHYQ","GDM4NQ7U4KNO6XR2ORKYDFO355P3QDCRUCLWI2HSWZNF7EHY5CWQLGG6"]},"account_info":null,"organization_name":"unknown","trust_table":{"GDIQKLQVOCD5UD6MUI5D5PTPVX7WTP5TAPP5OBMOLENBBD5KG434KYQ2":0.14285714285714285,"GAOO3LWBC4XF6VWRP5ESJ6IBHAISVJMSBTALHOQM2EZG7Q477UWA6L7U":0.14285714285714285,"GCJCSMSPIWKKPR7WEPIQG63PDF7JGGEENRC33OKVBSPUDIRL6ZZ5M7OO":0.14285714285714285,"GC5SXLNAM3C4NMGK2PXK4R34B5GNZ47FYQ24ZIBFDFOCU6D4KBN4POAE":0.14285714285714285,"GD7FVHL2KUTUYNOJFRUUDJPDRO2MAZJ5KP6EBCU6LKXHYGZDUFBNHXQI":0.14285714285714285,"GBXOCSLVX5FNXOSIFPK6OCJR3BFYV7EF6ZWZE62E53AY322QWS2DEBBY":0.14285714285714285,"GCGB2S2KGYARPVIA37HYZXVRM2YZUEXA6S33ZU5BUDC6THSB62LZSTYH":0.14285714285714285,"GCM6QMP3DLRPTAZW2UZPCPX2LF3SXWXKPMP3GKFZBDSF3QZGV2G5QSTK":0.14285714285714285,"GABMKJM6I25XI4K7U6XWMULOUQIQ27BCTMLS6BYYSOWKTBUXVRJSXHYQ":0.14285714285714285,"GDM4NQ7U4KNO6XR2ORKYDFO355P3QDCRUCLWI2HSWZNF7EHY5CWQLGG6":0.14285714285714285},"trusting_nodes":["GDM4NQ7U4KNO6XR2ORKYDFO355P3QDCRUCLWI2HSWZNF7EHY5CWQLGG6"],"trust_value":0.14285714285714285,"organization_id":"G1CHQDA23JG6TSL8LH4V7P461SCHJN1GMSOQ4E3P0RH4IHF7JC2DS","last_seen":1535486938475,"quorum_history":[],"accepts_connections_history":{"10m":[[1535486938475,""]],"1d":[{"time":1535403600000,"data":{"":1}}],"1w":[{"time":1535403600000,"data":{"":1}}],"1m":[{"time":1535403600000,"data":{"":1}}]},"seen_history":{"10m":[[1535486938475,"true"]],"1d":[{"time":1535403600000,"data":{"true":1}}],"1w":[{"time":1535403600000,"data":{"true":1}}],"1m":[{"time":1535403600000,"data":{"true":1}}]},"peers":null,"communicating_validators":null}