{"ledger_version":9,"network_id":"7ac33997544e3175d266bd022439b22cdb16508c01163f26e5cb2a3e1045a979","overlay_min_version":5,"overlay_version":6,"peer_id":"GDRA72H7JWXAXWJKOONQOPH3JKNSH5MQ6BO5K74C3X6FO2G3OG464BPU","version_string":"stellar-core 9.2.0 (7561c1d53366ec79b908de533726269e08474f77)","accepts_connections":true,"error":null,"address":"169.51.72.53:11625","known_info":{"id":"no.ibm","name":"IBM Norway","host":"no.stellar.ibm.com","port":11625},"quorum":{"inner_sets":[{"inner_sets":[],"threshold":6,"validators":["GAENPO2XRTTMAJXDWM3E3GAALNLG4HVMKJ4QF525TR25RI42YPEDULOW","GAEEH4TBR7YQQWKJ2FIT57HXZZTMK2BX5LY4POJUYFSEZ7Y2ONHPPTES","GC5SXLNAM3C4NMGK2PXK4R34B5GNZ47FYQ24ZIBFDFOCU6D4KBN4POAE","GBJQUIXUO4XSNPAUT6ODLZUJRV2NPXYASKUBY4G5MYP3M47PCVI55MNT","GAK6Z5UVGUVSEK6PEOCAYJISTT5EJBB34PN3NOLEQG2SUKXRVV2F6HZY","GBB32UXWEXGZUE7H7LUVNNZRT3ZMZ3YH7SP3V5EFBILUVL3NCTSSK3IZ","GC5A5WKAPZU5ASNMLNCAMLW7CVHMLJJAKHSZZHE2KWGAJHZ4EW6TQ7PB","GAOO3LWBC4XF6VWRP5ESJ6IBHAISVJMSBTALHOQM2EZG7Q477UWA6L7U","GCJCSMSPIWKKPR7WEPIQG63PDF7JGGEENRC33OKVBSPUDIRL6ZZ5M7OO"]},{"inner_sets":[],"threshold":2,"validators":["GCGB2S2KGYARPVIA37HYZXVRM2YZUEXA6S33ZU5BUDC6THSB62LZSTYH","GCM6QMP3DLRPTAZW2UZPCPX2LF3SXWXKPMP3GKFZBDSF3QZGV2G5QSTK","GABMKJM6I25XI4K7U6XWMULOUQIQ27BCTMLS6BYYSOWKTBUXVRJSXHYQ"]}],"owner":"GDRA72H7JWXAXWJKOONQOPH3JKNSH5MQ6BO5K74C3X6FO2G3OG464BPU","threshold":2,"validators":[]},"account_info":null,"organization_name":"ibm.com","trust_table":{"GAENPO2XRTTMAJXDWM3E3GAALNLG4HVMKJ4QF525TR25RI42YPEDULOW":0.08333333333333333,"GAEEH4TBR7YQQWKJ2FIT57HXZZTMK2BX5LY4POJUYFSEZ7Y2ONHPPTES":0.08333333333333333,"GC5SXLNAM3C4NMGK2PXK4R34B5GNZ47FYQ24ZIBFDFOCU6D4KBN4POAE":0.08333333333333333,"GBJQUIXUO4XSNPAUT6ODLZUJRV2NPXYASKUBY4G5MYP3M47PCVI55MNT":0.08333333333333333,"GAK6Z5UVGUVSEK6PEOCAYJISTT5EJBB34PN3NOLEQG2SUKXRVV2F6HZY":0.08333333333333333,"GBB32UXWEXGZUE7H7LUVNNZRT3ZMZ3YH7SP3V5EFBILUVL3NCTSSK3IZ":0.08333333333333333,"GC5A5WKAPZU5ASNMLNCAMLW7CVHMLJJAKHSZZHE2KWGAJHZ4EW6TQ7PB":0.08333333333333333,"GAOO3LWBC4XF6VWRP5ESJ6IBHAISVJMSBTALHOQM2EZG7Q477UWA6L7U":0.08333333333333333,"GCJCSMSPIWKKPR7WEPIQG63PDF7JGGEENRC33OKVBSPUDIRL6ZZ5M7OO":0.08333333333333333,"GCGB2S2KGYARPVIA37HYZXVRM2YZUEXA6S33ZU5BUDC6THSB62LZSTYH":0.041666666666666664,"GCM6QMP3DLRPTAZW2UZPCPX2LF3SXWXKPMP3GKFZBDSF3QZGV2G5QSTK":0.041666666666666664,"GABMKJM6I25XI4K7U6XWMULOUQIQ27BCTMLS6BYYSOWKTBUXVRJSXHYQ":0.041666666666666664},"trusting_nodes":["GAENPO2XRTTMAJXDWM3E3GAALNLG4HVMKJ4QF525TR25RI42YPEDULOW","GAEEH4TBR7YQQWKJ2FIT57HXZZTMK2BX5LY4POJUYFSEZ7Y2ONHPPTES","GAK6Z5UVGUVSEK6PEOCAYJISTT5EJBB34PN3NOLEQG2SUKXRVV2F6HZY","GD7FVHL2KUTUYNOJFRUUDJPDRO2MAZJ5KP6EBCU6LKXHYGZDUFBNHXQI","GCWRN4VKDQIES27TST5FHEKX23JZQZZDXZD4NVZSHIBGJBLOUTF64LMC","GDB5CSAUDVBYBFRBTUWDGANT7BK4NW7UEZWDEQGFS4EYAT6APTY3PWHT","GA6YSMP3DQHG6V3O2M6GDWVOA6OBTVTGUNSJ7UIFDITDW7YZEJVW2MZF","GCUKUUGE43DB7NXWLBLNYYLXH7UF5JHGEEZEEU3VOHOCXMHMOV3CH6JF","GDJFYQK2VFVMQAOFSBM7RVE4I5HCUT7VNWOKSJKGI5JEODIH6F3EM6YX","GABTERL6TOBZXQUOPFF2L4OALH63RUNM42FFMTAYAI63UCNKPZAYYTJV"],"trust_value":0.4914980158730157,"organization_id":"GS3D3HILT34PTH859EL9F1E0BVJIBLHV639HTG3EMPR196M4E5ME","last_seen":1535486938475,"quorum_history":[],"accepts_connections_history":{"10m":[[1535486938475,"true"]],"1d":[{"time":1535403600000,"data":{"true":1}}],"1w":[{"time":1535403600000,"data":{"true":1}}],"1m":[{"time":1535403600000,"data":{"true":1}}]},"seen_history":{"10m":[[1535486938475,"true"]],"1d":[{"time":1535403600000,"data":{"true":1}}],"1w":[{"time":1535403600000,"data":{"true":1}}],"1m":[{"time":1535403600000,"data":{"true":1}}]},"peers":["35.198.71.4:11625","35.200.84.224:11625","13.59.229.241:11625","169.47.111.126:11625","130.198.69.152:11625","54.204.238.171:11625","18.218.106.134:11625","169.38.100.14:11625","54.221.140.73:11625","54.160.111.199:11625","169.55.165.179:11625","119.81.142.194:11625","35.198.82.173:11625","158.175.83.8:11625","45.55.22.18:11625","169.57.189.8:11625","110.76.122.55:11625","60.240.173.39:11625","43.255.178.160:11625","89.64.58.227:11625","18.219.81.190:11625","50.253.127.109:11625","185.32.236.154:11625","185.170.114.87:11625","35.198.106.156:11625","54.238.101.20:11625","31.4.243.237:11625","94.197.121.76:11625","222.167.129.53:11625","180.191.129.140:11625","43.255.179.130:11625","43.255.179.129:11625","35.198.134.195:11625","143.248.226.95:11625","18.195.78.162:11625","169.159.105.239:11625","61.175.228.197:11625","80.113.23.194:11625","89.64.51.81:11625","112.198.244.104:11625","117.107.186.227:11625","89.39.107.202:11625","35.231.126.209:11625","54.74.128.180:11625","18.194.229.187:11625","112.198.244.66:11625","73.242.38.7:11625","68.49.228.36:11625","13.82.59.199:11625","86.151.100.46:11625"],